<?xml version="1.0" encoding="UTF-8"?>
<beans  xmlns="http://www.springframework.org/schema/beans"
	    xmlns:xsi="http://www.w3.org/2001/XMLSchema-instance"
	    xsi:schemaLocation="http://www.springframework.org/schema/beans 
	                        http://www.springframework.org/schema/beans/spring-beans.xsd">
<!-- 
	객체의 생성과 조립
	1. 생성자 주입
	2. setter 주입  
 
 	spring 은 자신만의 컨테이너를 제공 ( spring 사용하는 전용 메모리 공간) 안에
 	xml 또는 annotation 를 통해서 객체를 생성하고 조립하는 과정을 수행  (객체 관계 설정)
 	
 	컨테이너 안에 생성된 객체를 불러서 .... 함수 : getbean() 함수 (불러서 사용) > 객체를 생성하는 함수가 아니다**
 	
 	예외적으로 getbean() 사용하면 그때마다 새로운 객체가 생성되게 할 수 있어요 ( 권장하지 않아요) >>>>지우개
 	
 	IOC 컨테이너 (제어의 역전)
 	내가 주도했던 new 키워드를 사용하지 않고 ... Spring 양보 ... Spring 주도(객체의 생성과 죽음)
 	:작은 단위의 부품을 만들어 놓고 조립하고 .... 행위 > Spring > 필요하면 가져도 쓰면 되요
 	
 	    자바코드를 설정으로 ....
 	   	JobExecute jobExecute = new JobExecute("hong", 100);
		JobExecute jobExecute2 = new JobExecute("kim", 100L);
		JobExecute jobExecute3 = new JobExecute("park", "kim");
		
		ArticleDao articleDao = new ArticleDao();
		jobExecute.setArticleDao(articleDao);
		
		jobExecute.setData(500);
 		
 		
 -->
	<bean id="articleDao" class="DI_08_Spring.ArticleDao"></bean>
	<bean id="jobExecute" class="DI_08_Spring.JobExecute">
		<constructor-arg>
			<value>hong</value>
		</constructor-arg>
		<constructor-arg>
			<value type="long">100</value>
		</constructor-arg>
	
		<property name="articleDao">
			<ref bean="articleDao" />
		</property>
		
		<property name="data">
			<value>500</value>
		</property>
	</bean>
	<!--
		xml 설정에서 value 타입을 설정하지 않으면 : 문자열
		타입 명시 : <value type="int">100</value>
	  -->
	
</beans>



